emailAddress,link,name,phone
globalcopyny@yahoo.com,https://www.yellowpages.com/new-york-ny/mip/global-copy-2988131?lid=1000106255864,Global Copy,(212) 222-2679
,https://www.yellowpages.com/new-york-ny/mip/printing-inc-10336075,Printing Inc,(212) 581-4633
globalcopyny@yahoo.com,https://www.yellowpages.com/new-york-ny/mip/global-copy-2988131?lid=1000106255864,Global Copy,(212) 222-2679
accinc552@yahoo.com,https://www.yellowpages.com/new-york-ny/mip/advanced-copy-center-inc-8780131?lid=1002004274057,Advanced Copy Center Inc,(917) 920-3058
123customprint@verizon.net,https://www.yellowpages.com/new-york-ny/mip/a-pro-image-549828146?lid=1002004639771,A Pro Image,(201) 591-5847
info@epicsecurity.com,https://www.yellowpages.com/new-york-ny/mip/epic-security-corp-21732807?lid=1001642523488,EPIC Security Corp.,(212) 580-3434
,https://www.yellowpages.com/new-york-ny/mip/global-copy-480009177?lid=187787065,Global Copy,(212) 222-2679
sales@cityprintingny.com,https://www.yellowpages.com/new-york-ny/mip/city-printing-and-signs-476263970?lid=1000408680072,City Printing And Signs,(212) 564-1017
shieldpress@yahoo.com,https://www.yellowpages.com/new-york-ny/mip/shield-press-inc-464952582?lid=1001780774438,Shield Press. Inc.,(212) 431-7489
sam@paperhood.com,https://www.yellowpages.com/new-york-ny/mip/paperhood-heat-transfer-paper-supplies-21714530?lid=1000116812472,Paperhood Heat Transfer Paper & Supplies,(212) 279-0650
photomission@earthlink.net,https://www.yellowpages.com/new-york-ny/mip/photo-mission-ltd-522185339?lid=1001845646064,Photo Mission LTD,(212) 993-8800
randomhouse@randomhouse.com,https://www.yellowpages.com/new-york-ny/mip/crown-publishers-inc-480289287?lid=1001780789437,"Crown Publishers, Inc.",(347) 348-0038
sales@quickerprint.com,https://www.yellowpages.com/new-york-ny/mip/quicker-print-462501867,Quicker Print,(518) 569-2522
brooklyn@minutemanpress.com,https://www.yellowpages.com/brooklyn-ny/mip/minuteman-press-2844822,Minuteman Press,(718) 408-3596
shuja@printfacility.com,https://www.yellowpages.com/jersey-city-nj/mip/printfacility-201-432-465586898,Printfacility 201 432,(201) 432-6690
,https://www.yellowpages.com/new-york-ny/mip/apm-451909424,Apm,(212) 856-9800
,https://www.yellowpages.com/new-york-ny/mip/floss-media-networks-inc-3166903,Floss Media Networks Inc,(212) 242-4341
,https://www.yellowpages.com/new-york-ny/mip/send-two-print-ny-461048559,Send Two Print Ny,(646) 476-9890
j_m@chipotle.com,https://www.yellowpages.com/new-york-ny/mip/chickprint-corp-470923881,Chickprint Corp,(212) 682-9811
Info@Thecopyspecialist.Com,https://www.yellowpages.com/new-york-ny/mip/copy-specialists-481462292,Copy Specialists,(646) 336-6999
orders@micropage.com,https://www.yellowpages.com/new-york-ny/mip/micropage-473347688,Micropage,(212) 533-9180
a1printingproducts@aol.com,https://www.yellowpages.com/new-york-ny/mip/ozi-printing-496004588,Ozi Printing,(646) 787-8640
contact@fitchgroup.us,https://www.yellowpages.com/new-york-ny/mip/fitch-group-460192092,Fitch Group,(212) 619-3800
DavisB@rrd.com,https://www.yellowpages.com/new-york-ny/mip/r-r-donnelley-474290484,R R Donnelley,(212) 374-9754
us722@alphagraphics.com,https://www.yellowpages.com/new-york-ny/mip/alphagraphics-544564624,AlphaGraphics,(212) 564-0200
circlep@circlepress.com,https://www.yellowpages.com/new-york-ny/mip/circle-press-454842215,Circle Press,(212) 924-4277
NYCinfo@coloredge.com,https://www.yellowpages.com/new-york-ny/mip/coloredge-473611540,Coloredge,(212) 594-4800
info@first2print.com,https://www.yellowpages.com/new-york-ny/mip/first2print-479610416,First2print,(212) 868-6886
3537@ftp.actionletter.biz,https://www.yellowpages.com/new-york-ny/mip/action-letter-2041090,Action Letter,(212) 683-3537
,https://www.yellowpages.com/new-york-ny/mip/staples-advantage-462956239,Staples Advantage,(212) 462-7400
,https://www.yellowpages.com/new-york-ny/mip/r-r-donnelley-465572013,R R Donnelley,(212) 691-2460
sales@cityprintingny.com,https://www.yellowpages.com/new-york-ny/mip/city-printing-and-signs-476263970?lid=1000408680072,City Printing And Signs,(212) 564-1017
globalcopyny@yahoo.com,https://www.yellowpages.com/new-york-ny/mip/global-copy-2988131?lid=1000122947393,Global Copy,(212) 222-2679
cityprinters@verizon.net,https://www.yellowpages.com/forest-hills-ny/mip/city-printers-14167901?lid=1000111166828,City Printers,(718) 544-5262
info@superfastla.com,https://www.yellowpages.com/santa-monica-ca/mip/super-fast-copying-binding-systems-461878279?lid=1002004609240,Super Fast Copying & Binding Systems,(800) 267-9246
shieldpress@yahoo.com,https://www.yellowpages.com/new-york-ny/mip/shield-press-inc-464952582?lid=1001780774438,Shield Press. Inc.,(212) 431-7489
dklyuchn@adobe.com,https://www.yellowpages.com/long-island-city-ny/mip/walnut-printing-inc-1910612?lid=1001974650194,Walnut Printing Inc,(646) 734-5823
